﻿{
   "CodeGenerationMode": 0,
   "ContextClassName": "BD_SistemavotacionesContext",
   "ContextNamespace": null,
   "DefaultDacpacSchema": null,
   "FilterSchemas": false,
   "IncludeConnectionString": false,
   "ModelNamespace": null,
   "OutputContextPath": null,
   "OutputPath": "Entities",
   "ProjectRootNamespace": "Sistema_Votaciones.Entities",
   "Schemas": null,
   "SelectedHandlebarsLanguage": 0,
   "SelectedToBeGenerated": 2,
   "Tables": [
      {
         "Name": "[Acce].[tbPantallas]",
         "ObjectType": 0
      },
      {
         "Name": "[Acce].[tbPantallasPorRoles]",
         "ObjectType": 0
      },
      {
         "Name": "[Acce].[tbRoles]",
         "ObjectType": 0
      },
      {
         "Name": "[Acce].[tbUsuarios]",
         "ObjectType": 0
      },
      {
         "Name": "[Gral].[tbCargos]",
         "ObjectType": 0
      },
      {
         "Name": "[Gral].[tbDepartamentos]",
         "ObjectType": 0
      },
      {
         "Name": "[Gral].[tbEmpleados]",
         "ObjectType": 0
      },
      {
         "Name": "[Gral].[tbEstadosCiviles]",
         "ObjectType": 0
      },
      {
         "Name": "[Gral].[tbMesas]",
         "ObjectType": 0
      },
      {
         "Name": "[Gral].[tbMunicipios]",
         "ObjectType": 0
      },
      {
         "Name": "[Gral].[tbSedes]",
         "ObjectType": 0
      },
      {
         "Name": "[Gral].[tbVotantes]",
         "ObjectType": 0
      },
      {
         "Name": "[Vota].[tbAlcaldes]",
         "ObjectType": 0
      },
      {
         "Name": "[Vota].[tbEmpleadosPorMesaElectoral]",
         "ObjectType": 0
      },
      {
         "Name": "[Vota].[tbMesasPorSedes]",
         "ObjectType": 0
      },
      {
         "Name": "[Vota].[tbPartidos]",
         "ObjectType": 0
      },
      {
         "Name": "[Vota].[tbPresidentes]",
         "ObjectType": 0
      },
      {
         "Name": "[Vota].[tbVotosPorMesas]",
         "ObjectType": 0
      },
      {
         "Name": "[Vota].[tbVotosPorMesas_Bitacora]",
         "ObjectType": 0
      }
   ],
   "UiHint": "ahmvjebserver.BD_SistemaVotaciones",
   "UseBoolPropertiesWithoutDefaultSql": false,
   "UseDatabaseNames": true,
   "UseDbContextSplitting": false,
   "UseFluentApiOnly": true,
   "UseHandleBars": false,
   "UseInflector": false,
   "UseLegacyPluralizer": false,
   "UseNoConstructor": false,
   "UseNoDefaultConstructor": false,
   "UseNoNavigations": false,
   "UseNoObjectFilter": false,
   "UseNodaTime": false,
   "UseNullableReferences": false,
   "UseSchemaFolders": false,
   "UseSpatial": false
}